{
    "Version": "2012-10-17",
    "Statement": [
        {
            "Condition": {
                "ArnNotLike": {
                    "aws:PrincipalARN": "arn:aws:iam::*:role/AWSCloudFormationStackSetExecutionRole"
                }
            },
            "Action": [
                "sns:Subscribe",
                "sns:Unsubscribe"
            ],
            "Resource": [
                "arn:aws:sns:*:*:AWS-Landing-Zone*"
            ],
            "Effect": "Deny",
            "Sid": "GRSNSSUBSCRIPTIONPOLICY"
        },
        {
            "Condition": {
                "ArnNotLike": {
                    "aws:PrincipalARN": "arn:aws:iam::*:role/AWSCloudFormationStackSetExecutionRole"
                }
            },
            "Action": [
                "cloudtrail:DeleteTrail",
                "cloudtrail:PutEventSelectors",
                "cloudtrail:StopLogging",
                "cloudtrail:UpdateTrail"
            ],
            "Resource": [
                "arn:aws:cloudtrail:*:*:trail/*AWS-Landing-Zone-*"
            ],
            "Effect": "Deny",
            "Sid": "GRCLOUDTRAILENABLED"
        },
        {
            "Condition": {
                "ArnNotLike": {
                    "aws:PrincipalARN": "arn:aws:iam::*:role/AWSCloudFormationStackSetExecutionRole"
                }
            },
            "Action": [
                "sns:AddPermission",
                "sns:CreateTopic",
                "sns:DeleteTopic",
                "sns:RemovePermission",
                "sns:SetTopicAttributes"
            ],
            "Resource": [
                "arn:aws:sns:*:*:AWS-Landing-Zone-*"
            ],
            "Effect": "Deny",
            "Sid": "GRSNSTOPICPOLICY"
        },
        {
            "Condition": {
                "ArnNotLike": {
                    "aws:PrincipalARN": "arn:aws:iam::*:role/AWSCloudFormationStackSetExecutionRole"
                }
            },
            "Action": [
                "lambda:AddPermission",
                "lambda:CreateEventSourceMapping",
                "lambda:CreateFunction",
                "lambda:DeleteEventSourceMapping",
                "lambda:DeleteFunction",
                "lambda:DeleteFunctionConcurrency",
                "lambda:PutFunctionConcurrency",
                "lambda:RemovePermission",
                "lambda:UpdateEventSourceMapping",
                "lambda:UpdateFunctionCode",
                "lambda:UpdateFunctionConfiguration"
            ],
            "Resource": [
                "arn:aws:lambda:*:*:function:AWS-Landing-Zone-*",
                "arn:aws:lambda:*:*:function:LandingZone*"
            ],
            "Effect": "Deny",
            "Sid": "GRLAMBDAFUNCTIONPOLICY"
        },
        {
            "Condition": {
                "ArnNotLike": {
                    "aws:PrincipalARN": "arn:aws:iam::*:role/AWSCloudFormationStackSetExecutionRole"
                }
            },
            "Action": [
                "config:DeleteConfigurationRecorder",
                "config:DeleteDeliveryChannel",
                "config:DeleteRetentionConfiguration",
                "config:PutConfigurationRecorder",
                "config:PutDeliveryChannel",
                "config:PutRetentionConfiguration",
                "config:StopConfigurationRecorder"
            ],
            "Resource": [
                "*"
            ],
            "Effect": "Deny",
            "Sid": "GRCONFIGENABLED"
        },
        {
            "Condition": {
                "ArnNotLike": {
                    "aws:PrincipalARN": "arn:aws:iam::*:role/AWSCloudFormationStackSetExecutionRole"
                }
            },
            "Action": [
                "iam:AttachRolePolicy",
                "iam:CreateRole",
                "iam:DeleteRole",
                "iam:DeleteRolePermissionsBoundary",
                "iam:DeleteRolePolicy",
                "iam:DetachRolePolicy",
                "iam:PutRolePermissionsBoundary",
                "iam:PutRolePolicy",
                "iam:UpdateAssumeRolePolicy",
                "iam:UpdateRole",
                "iam:UpdateRoleDescription"
            ],
            "Resource": [
                "arn:aws:iam::*:role/AWS-Landing-Zone-*",
                "arn:aws:iam::*:role/*AWSLandingZone*"
            ],
            "Effect": "Deny",
            "Sid": "GRIAMROLEPOLICY"
        },
        {
            "Condition": {
                "ArnNotLike": {
                    "aws:PrincipalARN": "arn:aws:iam::*:role/AWSCloudFormationStackSetExecutionRole"
                }
            },
            "Action": [
                "events:PutRule",
                "events:PutTargets",
                "events:RemoveTargets",
                "events:DisableRule",
                "events:DeleteRule"
            ],
            "Resource": [
                "arn:aws:events:*:*:rule/AWS-Landing-Zone-*"
            ],
            "Effect": "Deny",
            "Sid": "GRCLOUDWATCHEVENTPOLICY"
        },
        {
            "Condition": {
                "ArnNotLike": {
                    "aws:PrincipalARN": "arn:aws:iam::*:role/AWSCloudFormationStackSetExecutionRole"
                }
            },
            "Action": [
                "config:TagResource",
                "config:UntagResource"
            ],
            "Resource": [
                "*"
            ],
            "Effect": "Deny",
            "Sid": "GRCONFIGRULETAGSPOLICY"
        },
        {
            "Condition": {
                "ArnNotLike": {
                    "aws:PrincipalARN": "arn:aws:iam::*:role/AWSCloudFormationStackSetExecutionRole"
                }
            },
            "Action": [
                "s3:PutEncryptionConfiguration"
            ],
            "Resource": [
                "*"
            ],
            "Effect": "Deny",
            "Sid": "GRAUDITBUCKETENCRYPTIONENABLED"
        },
        {
            "Condition": {
                "ArnNotLike": {
                    "aws:PrincipalARN": "arn:aws:iam::*:role/AWSCloudFormationStackSetExecutionRole"
                }
            },
            "Action": [
                "s3:PutBucketPolicy"
            ],
            "Resource": [
                "*"
            ],
            "Effect": "Deny",
            "Sid": "GRAUDITBUCKETPOLICYCHANGESPROHIBITED"
        },
        {
            "Condition": {
                "ArnNotLike": {
                    "aws:PrincipalARN": "arn:aws:iam::*:role/AWSCloudFormationStackSetExecutionRole"
                }
            },
            "Action": [
                "s3:PutLifecycleConfiguration"
            ],
            "Resource": [
                "*"
            ],
            "Effect": "Deny",
            "Sid": "GRAUDITBUCKETRETENTIONPOLICY"
        },
        {
            "Condition": {
                "ArnNotLike": {
                    "aws:PrincipalARN": "arn:aws:iam::*:role/AWSCloudFormationStackSetExecutionRole"
                }
            },
            "Action": [
                "s3:PutBucketLogging"
            ],
            "Resource": [
                "*"
            ],
            "Effect": "Deny",
            "Sid": "GRAUDITBUCKETLOGGINGENABLED"
        },
        {
            "Condition": {
                "NotIpAddress": {
                    "aws:SourceIp": [
                        "174.112.28.92/32"
                      ]
                }
            },
            "Action": [
                "s3:GetBucketLocation",
                "s3:ListAllMyBuckets",
                "s3:PutObject",
                "s3:GetObject",
                "s3:DeleteObject"
            ],
            "Resource": [
                "arn:aws::s3:::nqtech-landingzone"
            ],
            "Effect": "Deny",
            "Sid": "GR09AccessToStorageAuthorizedIP"
        },
        {
            "Condition": {
                "ArnNotLike": {
                    "aws:PrincipalARN": "arn:aws:iam::*:role/AWSCloudFormationStackSetExecutionRole"
                }
            },
            "Action": [
                "config:PutConfigRule",
                "config:DeleteConfigRule",
                "config:DeleteEvaluationResults",
                "config:DeleteConfigurationAggregator",
                "config:PutConfigurationAggregator"
            ],
            "Resource": [
                "*"
            ],
            "Effect": "Deny",
            "Sid": "GRCONFIGRULEPOLICY"
        }
    ]
}